filename,yellow
NfGPMT6RNJU,1
a1eL0IQk5VI,1
tLWPSqE0DC4,1
NKtqB-SFIaw,1
6YoUjUGvHUk,1
bO4nntxCsz4,1
cRO0BuhzDsw,1
cICwHv2Pn-g,1
OBcYr05W8Cs,1
5UluxcFJVx0,1
GOiKwhasaNA,1
pQczJl2jbf8,1
2hJbchRpe-o,1
G7s5snuMMJA,1
Sv78vDGcoFU,1
zJ5A5CdlnTo,1
wTbjkUPpbhA,1
csJSEJmKjYc,1
K9x6-CzjbsA,1
NvbzLQbLShE,1
-J85naYNmck,1
zaumyfPx3Ao,1
1hy6OiHZWrQ,1
EbkAfmNLmwM,1
bRDENHaT2lI,1
XrNB3eSiTmg,1
NMsEzAg_E7o,1
AnqPrqA23lg,1
provbgYpk5o,1
tqsAhkiDVW4,1
R6iiCICEefQ,1
ixElcxn6PlQ,1
l2QY6v-naAs,1
L6lVCBNEzEA,1
fpATa8UJPh8,1
JzXm3T1bF9E,1
eir7AorIVXg,1
W3SopqFy2eg,1
KQodSAGa9Y8,1
d1kwJtkFtwA,1
Puf8WJjnS4I,1
xg9JtJJ11nc,1
kJb6Lz5frq4,1
1XfV40xRq2o,1
nubYmxtTlVk,1
Ms88Vd8nllE,1
NyjjBiCSSy0,1
JBj7QogMrDA,1
1J3s6wbc-S4,1
ErQy1u8wT6g,1
g6S0XHGKzUU,1
Ufd4o67Ze6w,1
bdiGlNbz_Qc,1
ikryWQEHsCE,1
19ecDCf3iLY,1
tMMlfrgVr-U,1
u37lG0BMFZk,1
u_sQjEc8--c,1
DO5pcLp8-HM,1
s15wXPP1UNw,1
ElxzDYTLs7k,1
9t3xLtOCF4w,1
zOm5n0OJLfc,1
gZ_FvwAqYSw,1
cS0bI-chYN8,1
4EXtbijQOgY,1
Nm2K9usYpfY,1
GTuTUfMe64Q,1
n-g7m_ROyds,1
MapvwWsSYco,1
LG9gDRVM6QQ,1
-s-U06o04KA,1
5wzAij917v4,1
oNPAhe7G3yg,1
VWjFquNG1IY,1
Sh1JemfxBkc,1
-IYvNxzzfd4,1
hDYjI2WpMe8,1
Bb7QhCfBNQ8,1
bbsD3mRmQn4,1
Czumt_lyu10,1
Rccn_Hobk6s,1
ynCFF7DWHmI,1
58of4qFifBM,1
wSesOY1Aa4A,1
rxb2L0Bgp3U,1
eCSjx7bNqAA,1
R0ayW4NbZIA,1
e0FQqOXsh1E,1
ieXeM1YpqDg,1
KcYBolH-j9c,1
6HodlyNwmoU,1
5l7sWQ9Z-9A,1
xjNG90UjuII,1
O5VtHXdfZPM,1
cCfGhfKa7cI,1
fdryZIr7Cp4,1
x7lQBFEURZY,1
1PYyjFW5opc,1
nO89Wos0Hv0,1
jmHZvGMe8pQ,1
iEO6FWFByFY,1
jV_IjRE6QTM,1
ycyxm3rgQG0,1
4-F6oFAFxa8,1
UABXnP_1i-s,1
mlLqB2lxii4,1
rTaUAz5xrD4,1
L9fWqfDby9U,1
nDZqxWjRLCU,1
iBHjkRZQbv8,1
mkUxFB6jbDc,1
vv9_gySpshg,1
RIGINiBYxis,1
DTsUahG-6us,1
mW7m4r2Ul2Q,1
SQl6PpyNZ14,1
7TABeq5TLGY,1
sli3C0KTDh8,1
4Way39aUJ4g,1
G6em044hErc,1
Djrg-_jfGis,1
-v5hKxV70-0,1
E93gYPKfC8U,1
qTmHuavOXNg,1
hm7jy9HNl3w,1
0Z9n4DNNsy8,1
nL5cIxUHwG8,1
6kWWLOampOM,1
07CQapiPPT0,1
O-U2u1zZEeo,1
6qC-ZLOK-8Y,1
SyWmV_oD2us,1
ynbx6v23iyQ,1
S47nKJ8n0tk,1
7ndtSyn6dVg,1
DHaaMg8Owl0,1
GasAQC2TVcA,1
PBAuMgx3uwk,1
vqmCLg0zoyo,1
XQ0C_Dmf0hI,1
mmMrsCBFflE,1
4kggrlYjGo8,1
quifKaDZuU0,1
YFTUk2n9QCU,1
WMAcwJ5lUzE,1
n5251uGGWJQ,1
xkI9StSO9AM,1
K4e9kRXRkfI,1
OJF5NhmcWc8,1
A4YA1ugNEaM,1
xieumRqXdM4,1
HOK54fBv90E,1
NDAQaePWUwE,1
nA-_v2cJges,1
DF-MrUfIsY4,1
COMIHVbDRcs,1
Btugs9ZTbvw,1
h64DvnMaCnU,1
kgM9K3Jc4bA,1
GyXofB1k24A,1
N_ueXwRfUEc,1
P-A-j2rlsvo,1
-D5-MKIVzjo,1
dDf9giqfhTI,1
U7w_MKl5_hE,1
yteTG6zfEFE,1
FihAfj0FALk,1
7KQyTYscOpk,1
2WiS99Qukxc,1
VaiMDDi8NJc,1
_PM2RMx7zTY,1
CWqSCn0SG10,1
ANqN835Gmro,1
ySP4iNetZqU,1
EcFJbKJxjDA,1
R6BYedaNkBQ,1
pDfAUTPkgWo,1
94U3CZxIsyA,1
k0vMdRfwFxY,1
miR30bsSH4E,1
om3JC1JSdnI,1
D-fk0AjWYiM,1
gqmSyACe8do,1
1WwlDjJNZiw,1
8bHjPSqqv-4,1
ChLLBp3FmUA,1
w_jO52l-8ok,1
yrmgkbBSTKE,1
D8nsZQJpFRM,1
d9WiNp9l624,1
ddy8WPKFDb4,1
YbxcaHn_d_o,1
UabYjGe6xSo,1
zN-S-2NIYLU,1
Be70pP6C4ow,1
OrWA926f0zE,1
4ZZREmYnygU,1
BD7fSbQ01bs,1
oo47nB-ptyk,1
QOwE58DvVQ8,1
QB8CkJcztoM,1
nyy8_TisAlE,1
QIRlgm2zkec,1
GiStPHGw0lo,1
Dhk8GHeyrkQ,1
EYiFXbhAwxg,1
0XxT334Qbuc,1
sL0YnMbzmow,1
KK29Ry8Zx2I,1
HRZcBNjlPQI,1
gyQWxeaqJ3M,1
xS9kRoXURvg,1
tGClvgTCrIY,1
5KlHjDnefYQ,1
FGILPXMZHXw,1
fAgo_BNUB_g,1
hItRO3zBdcw,1
QsOyGQljH_M,1
XyB3yOo81cU,1
bh3b0684RuU,1
4i2PpkVGQNQ,1
x0GzWxPJQUs,1
9rkFbKVownA,1
Nm1tOpo5Pwo,1
S5JcFNvl3kE,1
hh1y2FbdHvA,1
OvJVJwVKRPY,1
sFZgERqFK4g,1
kO_RRl27BFU,1
b__adVVw68c,1
rQopUHwvodQ,1
S9gg0JOTF2E,1
WciHRKHwBuA,1
nk-QWzy6ihQ,1
dOLtyjU0oVg,1
5yq5HtfzAIs,1
zxaXgNJG3xk,1
jtPlfmhPnNg,1
xY5RyjaQJCE,1
ibMp5-ItAFo,1
bm5TJIFvggg,0
fPZwOG2RcFU,0
43UeV6KfZrU,0
5dX5az_Sn2w,0
ORRDA5YFhcc,0
RS6qsVXB7h8,0
RjA1VNiEhPU,0
LXdabIrzrDs,0
XmxL81mXR2I,0
zyVECdLF2pc,0
vAA_szh6cDg,0
_LEQYT-ffsM,0
_wutLZaSZU0,0
AKBopAbun5g,0
p_Db3vDJuWU,0
DmTgW_sjTG0,0
jEZ5gdmUa4w,0
gZDyjNRDu_c,0
DiFm53BrlOE,0
Fa620oxAGlE,0
2fa2GpSFAJ4,0
DtTUPKKeU8c,0
PiuMwOAX72U,0
NPl4pTbjxwY,0
D3ZoR4mwdnw,0
_9xenIAmiTI,0
TJNRymZmcfY,0
oCYzQoqadRI,0
z_tY-NK--cc,0
JstdXoJ-1TI,0
1G57MNa37Nc,0
zYx3RYer3V8,0
0fgfTrHZGlY,0
M6eB1cUUQds,0
YzjLq2AoWv8,0
pgqm2QdIFXs,0
YvcQAEJ6AvU,0
S4HW7jmRXeE,0
_JtSBVS1GkA,0
LwDNWYvFpYs,0
s14hal4OKJg,0
vhlH7LmWlgE,0
-WCSorcTE4I,0
Xa4YaYOdYAY,0
gmM4mXdYuho,0
xF2BvFkMieA,0
UT4gpKs2G8Y,0
knKmh_wfOOQ,0
aUClt-ivlH0,0
2IS6hJ5b2_k,0
oH2rxEXcBSA,0
d3MJLRnWAxQ,0
0-kjcZRAxcs,0
KtTU7nPAp5Q,0
6j-L50IZEZg,0
6k5bkCY0ims,0
XU8kVIzm_D0,0
95Y5IyPsMpc,0
5uvj_3nd5kY,0
xd9CX3FVRqw,0
DBrDkDkZEuw,0
UYRIk0-OTZ0,0
mKM5Z5n8Mi0,0
PWsug6Lx-V8,0
LmFqBFeGADM,0
3niVOWuSVF4,0
HJS6uAN23rM,0
j-YUq_dPBxc,0
14Py6kcxKKQ,0
NKisf0dAyjM,0
eqmp86d17fM,0
_1q6-POT8sY,0
89NcCkteSAc,0
l8jKCfUx-Oc,0
ohYgsVYQwFc,0
dvcM8-25H38,0
6Igq-xjJ31A,0
s0DvP63D0B0,0
KMc_N5ziha0,0
2KoLHtolHkQ,0
ymZpSOlOUSs,0
KmiwDR2W2T8,0
A5jD5agdfww,0
mzyin0buNks,0
pTZXb28CM_U,0
GMddfZCiiQ4,0
hgryNZz-34Q,0
oQinyQ4_qws,0
DXl_9cCuaAU,0
AaEQeb1pOuE,0
pLGKl1e5_WM,0
JQbidnJumDs,0
3wuJgLHejOk,0
w159jTHrzt4,0
P__GsC98jPw,0
q9yUTGIXRxM,0
uQEaJknSSXI,0
BXralORhPus,0
H12C70upjLU,0
FPeMy9v0_oI,0
RhDd_G4nGZ0,0
IIwrQVPYaLk,0
OHjl7SdzRbg,0
B9WARR8z3mk,0
axr3eLz-URQ,0
s28_I0Hu_Sg,0
xj1t_9eQ71g,0
zSoh4uADfus,0
cUXCNgJSmzU,0
fMWT7_SsowU,0
-7_UEorW3Vg,0
wxcosSfLuoc,0
ue5sLcwJpyU,0
VzHT35kxLuQ,0
54kz9zv_080,0
3-IGABC6rlU,0
JX54Kz7DaZQ,0
ue2o_EokaIw,0
I4YvFQPplxQ,0
TcMeRrIJe1M,0
Uka2_LVDiv8,0
yUZwQTviD2o,0
VStEfKTZd18,0
CSLAZM54ZcQ,0
osgjyexGTEo,0
DpXe5kbKVtM,0
2emd19ePvVw,0
-YlaJuowR1w,0
fGIJCX1Yitc,0
ZHndE4sxrh4,0
Zfwb4JxJU7M,0
Us2q-4BFSlA,0
ZcpAk1pu7MM,0
8nOe4cyttnQ,0
MGJyb8YuUvY,0
h_jZvILNGzo,0
2eRDcCJFhX0,0
IsQBbO_4EQI,0
BxUup9eAILs,0
a9TwaFehPHo,0
zjJprluULvI,0
5chNEtG0ETI,0
e-Q9e1DjO5U,0
O3GBsa1-dKs,0
UAOZoA_9pQE,0
4Htl79aR9fs,0
Db-XqhdOaE8,0
e9cxD4xYB_M,0
ZruuCzKf70k,0
mk43w6R5vW4,0
3jdIN-lDPI8,0
I_UR-FF5h2I,0
yU3kEaiC3gQ,0
5YILMnITBN8,0
NJgHNeFVQqg,0
fxDjKGGCYRc,0
myT6dujv6vs,0
PD-2gGas94M,0
0_2WZbMsIeI,0
rpOhC-UxtbU,0
vph5xGBPCOE,0
q-kaDVK_FT0,0
38VsnLom3wM,0
nWcEHLFmKdE,0
w8Bs5XGU1vg,0
0YXDSg3PmzY,0
meeXN2ljRoA,0
IlZ6Y21rxTU,0
SRC5BGunQ7s,0
JC40GlHzlJo,0
YXwUeKjG9gI,0
Sy_7oh4_kXw,0
u2Qb1o6tXBY,0
aEJu27tjvcI,0
YFYkzUjgM_U,0
aXHFPuiFjzA,0
5WlUMxDtLqY,0
RIf2tJqrGXI,0
tu41W2j52OY,0
pI4uPs5dLRs,0
A6dKpFq0IxU,0
GyvWvIlG3Vo,0
-qXUyXqL8wk,0
md484TdkZ5c,0
5mifHOOfcE8,0
YHg5pYYEjRs,0
twoje8x5-R4,0
ETXH-YdlXUE,0
508UImyIFu0,0
TJEvrZHcEMY,0
OeHlFSiTAPk,0
ZKU98ZjIwOU,0
jBXlxCnGXks,0
B6qB-S2bwj4,0
EdX73QXbBmk,0
sOt6TERBG-g,0
DNzZfBfBjoU,0
9UPA4YgRVhU,0
4_U0dGWBHyY,0
XdiGRpg1Row,0
RZyr_nc936Q,0
5hIaJZ9M8ZI,0
TOCXeZE6Sso,0
4J4GjCE_KPw,0
9fewwAkSrCw,0
sg00wSP-iVQ,0
oyLkPLnoDlo,0
EjaTJGmoT_w,0
Ppn7Km1v7pA,0
7A3P3bGcC8c,0
7rB4Qc-MRks,0
xt8IbWk9eSQ,0
Z--fCH6D_xQ,0
n-TIQo_vCX4,0
VRclyW74J_k,0
lfXh-qAoZNg,0
3lTOkT7BaD4,0
TSrMYyc9Hr0,0
HJ4X8Zuovrs,0
3d1rxJTIJX8,0
CklabgHYnGA,0
QqwXu96_ZNc,0
9_49mZZwlBM,0
q7vqR74WVYc,0
Ml54onIX-LU,0
I-L_MDmJxU0,0
exmYWItj-YY,0
tdGi7dP5zwg,0
zWDo8gGwRfk,0
0eJ4JRNi4J8,0
_gGv4ZYuTeA,0
GINcxJ20efI,0
kR3sN2WTOh8,0
760OT_z3bMg,0
RZp07vLSak8,0
vu_Busuilos,0
1C33F3MAGuU,0
SdfSu2LKucs,0
Gjx2OBFrUAE,0
h_k1muvplJU,0
jV4EmFzc47A,0
CvPp5zP6ybA,0
Ut8FzE96jjA,0
cOlx2JNEe0I,0
GkeHYp7MASY,0
auy8wEk7Fww,0
C-R3xTRHw9M,0
BwC-hYrfKV4,0
2QSAf3CP7Mo,0
i6Al4qaREwY,0
uqY4vTcKTjg,0
Hll4l4aAyhY,0
-uzLOwBzevU,0
LSX82ylZhJ0,0
5pfUULxVoSU,0
WqNWlBebp0o,0
PAkj5yAUFno,0
kLFGEHpPi3w,0
NoOWjMKLzoI,0
Ln4zXfzJX3I,0
LRegmIX7R24,0
cTYg1mAd8tA,0
BtV3qoHqVkI,0
I8RPsF-hdXo,0
NFap7zUpzOg,0
63hrqTPY-KM,0
Fc-5SKkY1_U,0
pBlSdteBqpQ,0
tIo6MOswfY8,0
0DryZn9n6po,0
3VOAXpSR9V0,0
TdwoYwB_0hk,0
tTUBoFVi-HY,0
7jZ7aMkv59U,0
rEpEO02CdwY,0
pDX3N-Dm9yA,0
3rSfhouI9oQ,0
w0j7ptp2a6s,0
zglUexTARC0,0
vpnfhLVkpLQ,0
MYpS04XovqU,0
JKMyr5J9J-Q,0
AzbBTaF45cg,0
pOI3xkXoId0,0
tPU_qMbBPTY,0
mHPop6zKWUs,0
sVZ5oiYKc5g,0
-n60eP_iDvw,0
qe-l_W8hFf4,0
et2s-u3KFbc,0
LBQDuTn6T0c,0
ASYMfU7wpiI,0
T0TQ5e75qx8,0
-NI4-QvHv9M,0
-2Neevd-Low,0
pRL_6Lf9Xrg,0
xBxvMXOjHM4,0
kMVxWqt8YuA,0
UShpz0i0k8w,0
RUAXoNP9WiU,0
mM40Rp0m5AA,0
4Sqd7rXJqEw,0
KQXYdub4Af4,0
NvFPmfdppYg,0
oDEEOvaaBNE,0
hWxnq5EYbZU,0
Vw-Hh4kg9q4,0
J5RTivkcdnA,0
hE0DlvHdwuA,0
WcuNF95EUls,0
sZzwK3n_KEI,0
zFg1j6oSiBo,0
1nYHyZgD5zM,0
ArYDzjzA0GQ,0
Pj6SHbpDnSc,0
DjVrJ1kSmRA,0
wBgqAKxujkE,0
kgOFgQLoPgg,0
aNVJtxegMJo,0
r3K4-d_XQaw,0
Wj_P3CQUXZE,0
wz0CLtCyKfc,0
qv-cNmuNi64,0
mYez03fRUBs,0
TJbUkULlkMk,0
gPdD04_9A9A,0
9VpiXVgQ5gk,0
ORMZmOHPpWQ,0
YHwE4pMld1c,0
ApMeFBLy3v0,0
sviePujguak,0
k-37V-1igRw,0
26axVHigRdY,0
-x5Bx-leRWI,0
zAlIMc8I0ZQ,0
fIJvY0sOP7E,0
v7F2qoZkNIo,0
j_LB2pqybaM,0
ZzqZViemU9Q,0
qjFfUuPY5Rw,0
X4UJL1V01xk,0
IjyhNVPVV0A,0
xZnmheQqgUs,0
icib8b4GYlI,0
DxDiyg9IMKU,0
vOrHGz2U-zA,0
TUP1_EmhwI4,0
GYaVI3fLFz0,0
XmgynYpKSVg,0
CHhdSJLmdu8,0
zb8-aHiTKL4,0
KCuamde9Atc,0
GpyoyfxLmCU,0
8cyqJakd27c,0
Gcxdgfr9gpw,0
jodE2aQpwNw,0
2wRSAdDdUS8,0
0jUr57dIMq4,0
XfiJ9qQxsA0,0
oN6a23b1MrI,0
1wcik0kXxng,0
hWJ40emz1ew,0
knCe71tRofw,0
GO_hwQqCDZo,0
tHsdqsUxR3Q,0
Su7lhOHdGEY,0
guCMYIlKSac,0
nYcnhe_y21g,0
QDGMikSzoHE,0
qyFbsYI8nCc,0
TYE930nQfig,0
GRAryagd_WU,0
IhzS6Du5-nI,0
BDEDC-KNewI,0
GXYY97QT0Aw,0
lMMpw5VCywc,0
EEyuuVLuElc,0
CvqtFg4CDLc,0
IHXn82SEoLY,0
93UpSHztaq0,0
0NfVnIqy8-I,0
3MnBA__QrfY,0
aqANxjB58wA,0
8grYlwFrN9o,0
Zr4YJIqx31c,0
82-PFGvojgU,0
-K0wHtAc1t8,0
eImoMBuxLyk,0
d5o1V3lxGH0,0
lgnyb1PGcWk,0
J34qpusEXK4,0
h0bWqgIelDk,0
2WnDjpoMxjE,0
Pkat6FdK-oU,0
SDvIm8A9_-I,0
F-QbDEI8ggI,0
sKTSgxz-aKg,0
XvPpOLp-8LM,0
FVlDV15m854,0
F0FDvjCOCTQ,0
tMgNfu4-wgw,0
Yv4z3I-Auww,0
slBC3h48xgQ,0
VysUDwL62z4,0
bNSgWqhyTfc,0
yREeV_Efnw8,0
tZv3A6_wxrI,0
Krf_8OWvLis,0
qaD2eyTJoj0,0
yWuOJ4Uusys,0
MCu9UD2aVlw,0
Kh2_xvw3LUA,0
KUe83JU7qRI,0
mMY3eoqp0kg,0
iE5p3GCzoxI,0
rgIESOp7WCM,0
bN7SDJFanS4,0
uNgQD02sJYc,0
Vz2YokGxlT4,0
VpLANug-ClI,0
B0QFxNYgukM,0
aZc8DokL7PI,0
WG7xw2UiKwc,0
UgwPxFUUg94,0
S8WH_9n6x9w,0
6aq9epwmMKo,0
IRtA97V0Gas,0
Vnc2tB4Jlmo,0
M1SvOEAhll8,0
rF3ygo1P8Tc,0
UJxveXgSgcI,0
iG_0Exs9jTQ,0
zxL1xbQa20k,0
XfNpqVl-caw,0
cEkJziOSNzs,0
0dVNV1Q5jjU,0
CDLs0XZiE8A,0
NczoVKmb1xs,0
gjbxzjPIMqM,0
NXwhaTEW9Vc,0
RYWCHEJV_CI,0
q467HO8EEFw,0
EZOQBqCPQHc,0
nVu04X08uDI,0
RwthMKGN99A,0
vac3FDyjb5M,0
sOVuYWs9RP4,0
JknqyWg0Vrs,0
hJvihpuvPbg,0
nPtocY4kuLw,0
2lR7MWjLGDU,0
OWDogwWqb_A,0
fCL9gKzQrz4,0
7VTfz-V5JeA,0
aAKCV2xq4ak,0
SnGDdI4hkLE,0
gHCD_yZlqBA,0
hVjTEGUsl_w,0
dnYa0GqNk8M,0
gyXM70Ll5T4,0
C0C-ZtZapNM,0
kAeikT9PDks,0
VfeDoYdR2po,0
NHnS2gDJEPY,0
Cy_FBsloKIk,0
wkvfJbW31Pg,0
IommIsihl6c,0
crZNckV5Q74,0
9NYrsLKHDvg,0
aV2JKSsoux8,0
0k_hTuQiU8E,0
MdsLmtHXBoo,0
SWPNCQYO4uw,0
pf0hDdf2QJc,0
7hpw4H18k3M,0
gKPkQv_aLzY,0
a2l3o6Rzyzg,0
ztTCkWZ1qko,0
CPVjp0i3WPQ,0
fopTU6h2tjU,0
a6tuB0ksw18,0
IhxPVSz5IFY,0
e_c7Fh4dL0c,0
Aa2NmA9LlsY,0
gx6YSnW3tUc,0
gq_duUotnbw,0
jtT_ilEovl0,0
6XOgZ2qp9us,0
7aA6NOJtjew,0
pX1HD3Rpyak,0
6HLTXL-s4J8,0
__MzJoGgYLk,0
QT3w-swBFd4,0
75rHMYjYs-c,0
_ASR7i5RPKM,0
sJbkuz8zMyo,0
YGN8GB_mnQU,0
zZsgsn_fUao,0
dTf9UyRFMI8,0
w_6tcxol2J0,0
wA8kYFNE5IU,0
Sx7w_3vZ3F4,0
PzKcgB0n5XE,0
tSLUWz43kzA,0
9j3Y7LYl3H8,0
53Nve24_204,0
8_MdFmLSbaY,0
ELUAGpc43tg,0
adyBTyBBOTM,0
CUNeMprEkDA,0
Cu4vSPiwoQw,0
WyLYH0s9rHM,0
M6VLYjFnXMU,0
czrckuVdzUk,0
6lqoxQzTOgc,0
-deQEteXUK4,0
khl_jrfz-ws,0
KaLUHF7nQic,0
0fc-KJWGr9E,0
u0q5KiNtTbE,0
5aJQIfMufns,0
6VJulC5QLhY,0
vFozdNxwJZM,0
UXJxwRuOGsY,0
1VPAYG4Rmag,0
3ghLdT_YaF0,0
el7NTXDuaCo,0
YH36huOO0HE,0
5IPI4P2IRmA,0
gHQE7tULx6c,0
5lOvAHg12uw,0
rJ-GxWyqnu0,0
jbODBiZb808,0
O6HlyfasxKE,0
eCaojgO-ZWs,0
fU1YnAn4lWY,0
InGF9p4p-ZA,0
rzj_j93PWdw,0
ZmG8ld9mVgw,0
tfRfhunuCbI,0
uw4Ikdcjpgg,0
i1UVfTixFKw,0
6xc2uTO9v_Y,0
cSg87drcKlw,0
ABAea7gFO5I,0
XHFtvJ7cPHc,0
HQx-nFyc0So,0
sVjHl5LdLco,0
RuCv_Nt7Bkk,0
kxHrdmYZrxE,0
36W_fuo6k4s,0
8wSYxjEIAr8,0
oKl3pPQ-IRc,0
OlCJ_BlisoY,0
m8PBrunDIfI,0
_2RPGAA6p4E,0
3Fw_fariB2A,0
Uge_eyjwPYw,0
U-f5nFg-8Sk,0
ONikj9CXwrQ,0
IvKLOel4jhg,0
FCkXh5P-5lc,0
gwX3MPBJGcU,0
oyr32v8ibE4,0
SCJ57ntrIQQ,0
jzqvz1mnjB8,0
QUGTCKrC-qc,0
iyBNxEnP7rk,0
frlWC9ptkX8,0
1JzDzuX4i7E,0
KmLvOn-f5Oo,0
mef_vPjiRU4,0
3CrD91zHkLg,0
YAmxuIITQeA,0
mNSkoLmqTGc,0
axVo2kNjKXc,0
YMyzLX4-Lv4,0
qUWRnIn5oB0,0
7Hq8WgQ-6Gs,0
kHn-r95Gsm0,0
j-3A8FUT-ZQ,0
1GyJexedwEU,0
6ZYy4gP1J3s,0
HcE__4Fv5Hk,0
mN_yho6K1RY,0
9W7aWYbjd6c,0
zlmRdQanHlc,0
0Q97XO4PboI,0
jto3k6kzbz0,0
4fVUAWDmvUw,0
DPeE28Fb_L8,0
wOAE-yuwc18,0
FhuRfJsjs-A,0
NkEYtSa44z4,0
nakdorPK09o,0
hN5hDEvNMGU,0
7KYnTi0PeoA,0
a1olq-lfc-I,0
w7PFQHSOmLY,0
NgAuIMECDXY,0
B7oeiUvMqXA,0
nQ9h3KOYNhY,0
biBQRH35bWA,0
XV6nHQJMe7g,0
RUNnXRjmGoQ,0
oZCWposs7do,0
o8ZuNKjaCDg,0
rmE2I04VFX0,0
wgqY757V0-Y,0
_g2wiO5w0dc,0
kAOw5dpeaus,0
67l6E8PVoFI,0
XkUtee1lF3I,0
L_xu6Koreqs,0
tPBU6k_Y1KI,0
CEpKouCO6L8,0
U-MRU5VBrWY,0
HaKthjg4zYQ,0
hK8jOQObVeU,0
MO_DTx7DOTo,0
oL-_u9IKQfc,0
cRekLSSWhtg,0
bC57B3zsv3k,0
-Ig5-BSXy_8,0
c5kn_TB90gA,0
v_7WlMvv50I,0
hxfr_YEbfYg,0
tdcpjrCZMAc,0
edXP5f4CFT8,0
HwWQveEGCNA,0
vdmzHJ8QsJs,0
P7mLMSo17jc,0
JNyoitGE2cc,0
N5Q1qj8qNpc,0
O-Q6A-xxPlY,0
HdRbrgxxBuU,0
HLErXgsV3Nk,0
5tkJ1fjgmSI,0
24EwvWeTdH4,0
-R0ZrESv178,0
-E3BVFqsD2s,0
H9X_Ky_7R0k,0
jv9F5ZHUH6k,0
hFP3nE2MB0E,0
Dmom8_-isQA,0
6GcG0qDqWhY,0
rJLVNSw3hDU,0
6AVztTAVlxc,0
r98hKTgtKiU,0
VUUxtEQLAiQ,0
zCr5tYVgqbo,0
DNPw2EvySX0,0
X63OVtokffA,0
87YplHEgJ2c,0
wsu8XzmeOYg,0
_TZBdHjgMxI,0
DSjCcInCqOk,0
fLFHoY01a_w,0
wpzMfharbwE,0
gdTsX7olCmg,0
CX6z3ERpI8Y,0
1EWVlDIRUR4,0
A46QN81TRQc,0
avfDv8uY3Ys,0
EJjG_aK0tIU,0
nJqkgqRwqAw,0
P5chMXYVv1g,0
h_vuv0Oq6jQ,0
JSjc0XzeImg,0
WRH2Cn3ktY8,0
J_LvLhFq2IU,0
kJmjvul_6sw,0
4GngIvsARm8,0
VXlghM-qUq0,0
mT4jOS6TkVg,0
W1APvyVVm-4,0
yAvxIjuOF6E,0
DvlnYSvvqpU,0
wbcZBrMq_JQ,0
gJltJ5WeGvA,0
VJylCsmlXUk,0
02FAk9TYCas,0
_OkqJVoI3fo,0
f8oMW4yqh_o,0
3Hbhb5CGEB0,0
rqB9gd4fbfE,0
p87hdtcAc7c,0
Oi-8UNm9d7U,0
aPS63VGQ8Bk,0
XZ3LM0xjcPA,0
vtDvu9PVcJc,0
MOAxsCaBaU4,0
QBgqntNfsTo,0
t54BjsTl5P4,0
Kum_z3Mvh8k,0
CRPhFCPbrpQ,0
od6nfOOtyK4,0
nqcrG0QCzwE,0
OElyc_yZU54,0
dLSyfSJ00VQ,0
ROdGlntndpg,0
wuE3plpz5Ho,0
Cw0jTXZBwDY,0
l45vCdmZ6Pw,0
_PXWBSJGAag,0
l5ZD6BYKrGY,0
LiMbXbv2nI4,0
7_OZ4Bsyipk,0
amGvfPpr5go,0
UkJfb2np5JA,0
UoAAk3tRb-g,0
oIR6GZakxM8,0
KFGo3SWOlKo,0
OenFl6PVYZo,0
QGS7Med4jsA,0
bfsooZS6v50,0
WLDhNDAOw8k,0
strGSJ96ams,0
T_Xo9WU4vVM,0
arcOA1XQZMU,0
POLivKAD5wg,0
S8HRhbucYiw,0
YFQvT0-mefs,0
LPoDXPVw2xA,0
aAK0fVxfOUU,0
qMsnKVtohy0,0
Lyf7TP5pdYQ,0
RKf3ppfFUkg,0
d8kP_uGxNfc,0
ZxB8txjcYzM,0
uqpCalgg6Sk,0
Om8Nh5Zw5jc,0
6RymqLslg7s,0
JuXK6ggAtaI,0
SWiRwPkHU8o,0
d9sGdZvF_R8,0
VBtBgCyA8BE,0
cVCZGlcW3lA,0
HF9GqC65Wjo,0
XVVtKcvQ5vM,0
xM2MIevm9Kk,0
7NJBESktHRU,0
cGmrG1JAYaQ,0
AL5dCMlhtRg,0
sh7znEb3TQg,0
f0D9IyyeEEU,0
1Cwqhd2me2U,0
q6t5wV7xmVM,0
iAfxeKWphdg,0
j2ngzOddzew,0
AMKnqlZzRcM,0
P_VJMHhM6v0,0
2c5KCsYiYoY,0
VroOqGuEhbA,0
FnA5YRQwvRk,0
aqiM-PY4MpI,0
pkcnbD9DT6o,0
c_A7jwZypEQ,0
OKYedko0w8Y,0
6dGoe-1csKY,0
J8CtI2Xcwqs,0
wktzFuTHqls,0
Vcjy0dr42gc,0
Q5d9O8CPh7w,0
uo6oJFhvW3s,0
j7BRmTNLRTc,0
2XdD_BJ5D18,0
u6lrbCViLTM,0
ZwKvfRTE6Pc,0
bv_MI60ZMUQ,0
A1z6FLD8yCo,0
wzI3LfeUGRw,0
wuXJWdS9vNc,0
BkehXdTfF38,0
uOqCnL0MEPw,0
mwX3u3tG9bQ,0
ICvyW5xGZgs,0
zxbcZUAP1nc,0
LKQqAr4D9Qg,0
KhdvNC7z8FE,0
5n5X5kQmnBw,0
c_oRpnnMVIs,0
JiMbWIN811g,0
mgDP2G2USzQ,0
OeUTdHtfz5o,0
I4H_vmSQEGs,0
SerNPTbrF84,0
EHNTRu_ocH4,0
tHcJpaXm0AQ,0
ncrpTX6jR5w,0
ql4NIKTPJOQ,0
5iHufSOWdqg,0
mnD2O7RsqcY,0
jKw0RVvH94A,0
9EIhfqzJEnk,0
fsTud32GJrg,0
Rok6VEyNoFU,0
sPloNY4dmnc,0
_bk9VFReGyw,0
xCwJfkGdaFo,0
q0Flm7jwj0A,0
fexnCtc5_BI,0
-PdB0GnBrtU,0
q492csLww8c,0
qoSOmF_PWw4,0
bm5pY9D8kK8,0
oerGu27kun8,0
NXcbNP9i2jw,0
I6wrqIndfJM,0
LBnUyWddjsM,0
cQ0eY9NJACQ,0
HgUsQKCw7Wo,0
ZF_5WgwihL4,0
uEINRdIFHK0,0
X3qyysxKEkU,0
h4d-M5jbx8Q,0
QLg0Kwmx0vw,0
u7JPMQkVuMo,0
y9e_a-lIFuY,0
XuGxAHOUyIw,0
WgEhIuKnZMw,0
IZxa8FaUYOw,0
A0Bzv8weX4s,0
JoewSimddUg,0
f8Cl5FgMsKY,0
43tFabU6610,0
2w4wi19KBEE,0
FAYdije-kSw,0
tKXfLbBmYlo,0
jESJJrA5a98,0
H2fc-AaU0Sw,0
CHdCy31Ihro,0
nmjp97NtrRI,0
VkMov0H8QRA,0
wqBQhv6OUMg,0
RjriHA-MLPg,0
9aInNmFYxRM,0
mHUzdIKQ5x0,0
3w838rc2NNM,0
1GRf65B6-Qw,0
IT2XYrIJHSA,0
o6bkUlYcLD8,0
wk0nPWE6wfY,0
NzuJI3DSdcY,0
u-wCVuxgRVE,0
cAUErg7-dGg,0
GFynn8SlDUo,0
tpyQzfYDh1Y,0
cxwUIsWlbQ0,0
InirkRGnC2w,0
p5PwUsqFfuE,0
I_UJ-3yakDg,0
4DsiwriEgBE,0
gHJrGGBcP0E,0
yuKEu22_lcM,0
EnGPUH911nU,0
JIOuOK7sUV8,0
wcSyXUOM63g,0
XxbkE90hv38,0
plxG23-nifs,0
X6d79bon-n8,0
TOtTxtBWZ5k,0
0RX4a0htqGE,0
bAI7-v1LOrI,0
05AewlnZfE4,0
W9cOKfKW1Us,0
of5ydyTL3tQ,0
hEtCXuNPxhQ,0
gmKru-Is0SA,0
TIVqhJuE1sY,0
GBp40M6WMxA,0
jbxpNHEWfao,0
W31Mox0Ez1U,0
0Kb4w7dGSN0,0
7Aqu9Mo42XQ,0
ceGwAb1HiAY,0
D5GI7_pGOJ0,0
h9r1kIjo2aA,0
mbmpyvyIj3A,0
a1PdNaCJ_M8,0
diDkeBYKvK4,0
ZWh7Ns1iS8w,0
paeXfCrBNqs,0
_55TxraLHuc,0
bSF5oUGtqqs,0
zPMU0w-XaPw,0
mVtFxatTLgU,0
6qadB8VyBRo,0
C3MiVqatUl0,0
qni6vhBYrBc,0
HZ-Ki-NgyLU,0
CrnkL-ewcck,0
rXgxJk5dBS8,0
rYBUJkvMwo8,0
Ib0KEfPQQ7I,0
GI6S--qXc2M,0
O-6hnRcicVc,0
5gDORqcKe2c,0
GX0CdRiz9xY,0
YeHgbYZm6H0,0
pNlMZ7FIz8o,0
oPQy0fn2Ypk,0
kCqxe3bhBqQ,0
4pmTuXGyCPE,0
_Fdv0XkbgSE,0
Y8_RPvxcJ80,0
45xt7d6L538,0
YqLDx2PnOYM,0
kVZXrqUYKyA,0
yvjxdtcLVfI,0
WxY7yOmZs4w,0
JKqAHPICR60,0
Mjs52lzxkZo,0
zhYKXT3l69Y,0
9pXNow58ECU,0
f6df3Yo-aSE,0
4NzqALD8oCk,0
fn6CgvrVAmw,0
AhHAO9_Oxgo,0
aae1g4R9KJA,0
rTEZmXq9K3k,0
Y_5jlhMZwEM,0
ruUkn7A1nQs,0
kgTq2cC2kUM,0
UW4pAuwer3o,0
ZLd80ase-GE,0
JFGKCtnjrDU,0
7pJ3EFwY1Pw,0
vqcaYZSjJE0,0
1ZTRms95AKs,0
iRG4w5x2vV8,0
niiR7Lsq-1o,0
tIWTYmVCs9c,0
i4BoYm405Zk,0
fFWKlgG1MGw,0
8quP0JNiFSg,0
1RuC_S06xwY,0
Zc1SE66DEYo,0
dnkjfA3anDk,0
1caj1joTPM4,0
ddkcwXO8Wk4,0
PlXuagqoP5I,0
wxH8Q4b-0gg,0
Oycn5qvjymU,0
RqwXttWKaAU,0
1X9VpeohkLY,0
NN1P-fPxZ7U,0
PVvK_xMD8n0,0
scdj90F112k,0
qsyAV70z5K4,0
ndeO80edrZA,0
XEvmxqE3x5M,0
pzsUK9Iq4DU,0
xv6iahk4NAk,0
98AjeD_2AFc,0
LxU-y-udwlA,0
ABX2gfy7CDk,0
OwxUIz-Thwc,0
KbSMVxEPb-8,0
jbM_AZxCTBc,0
PhCE3XxgHSQ,0
bfeusyA-J5k,0
HxmQFplBmSI,0
IwzZK0lc9pA,0
HxoRbEQFx3U,0
XwouQHOyOQA,0
dYPX3Y0XriU,0
vBHEEDUkme8,0
AhVPv5q9Ik8,0
hbTZCS0zxIA,0
K2uBdDrUIqU,0
oOhcHU0AoWs,0
iNGIJ0GG77o,0
37_aCQW98sU,0
nPP1YYoNNAo,0
R68JzG7Vb7w,0
8NQyDKbGVOg,0
GXcTZuZbiOE,0
0fRWxAV3Eik,0
wwikVZU7CfA,0
EWDeqO7tndU,0
MNnibsPJSDY,0
-7a9rH2_5Aw,0
FMhrhf5kENY,0
jR4A97iLRxg,0
m94CWXpu6W8,0
lEVXXtQUiXU,0
8B4tHaw6Hb4,0
MzLUol6iVUA,0
qXvyxrarDxw,0
ckBbj-E0SdA,0
jeHGfiHDwxc,0
dtNbOpGOjmw,0
UuvtAqrcSOo,0
EXux7PJ4fMI,0
-yAzXtjPqR8,0
c2HOlow4F0Y,0
ljtIQkFRL1g,0
8h3hJJbdJQA,0
PaWQFOJ7D4o,0
3EhF9CZmPHs,0
le_0jyqCXFU,0
hv65cRcTDes,0
7VEeJ02y0H4,0
JEML7td1D3s,0
8p4Lcyby3ZQ,0
X-qtbMsHk3s,0
j2VypHw0AD4,0
l3XdmBBO9k4,0
Jo2mZw2vNSg,0
b6_aekrjI_k,0
uNAm2pFDgBA,0
Uknh7QaW87Y,0
Cqf5i2t2Hkw,0
BDYSYypzhxE,0
VeJkVOFZfsk,0
NkxFwOzxVas,0
p0-ZLyefddQ,0
N4N5E0yp2EA,0
mU0Gw0_u1ok,0
r_WKzCe2Tc0,0
IUd5YFoXCl8,0
k83AU5xksp0,0
Fex6mMwSN3c,0
eQ3Wd60Qddw,0
04flJC_4pv8,0
YUtwxblNMOY,0
vii2ZzwUhzI,0
6fW1KL8qmzs,0
7UkObDLYo1Y,0
X_uhiacU1k4,0
l9Ma-NuFejc,0
sEVQ4ZFxZxM,0
EcGF0_3IarY,0
EmAp9HUWu_0,0
hDBXZOCsZKI,0
z_dFxCKsLvg,0
k53xc1uVMXM,0
wumo4Urajx4,0
fZnUu_QMTN4,0
P_4jJvEh6Q0,0
9EXEarrz5Bs,0
Q5rDfedBC3c,0
vELbNWkvVk0,0
pZzjXiRUDHw,0
sXoZxpHbUFw,0
UHFFlrSZF-U,0
XRYppTnvr7g,0
W4A0ViBBnrk,0
e1iCnyireF8,0
NTqEw597UZI,0
NTyqliFaMbk,0
n8_qk3FrFjM,0
ZGmQ9_ceFoY,0
fkMqnhFER0k,0
2Ad2VVgVBnc,0
JdvrP_nJYYw,0
X0f_8M1jinE,0
TyGMJtRPF78,0
Qk7MPEyGhQ4,0
UlLR657vwic,0
llsGRWq4K8M,0
yE60qIXvHYg,0
Hbi2rTyz42U,0
ktsk_xYWl7s,0
Qqw9bnffDsY,0
fDo6TzAIaAE,0
QSMwuVqBQeA,0
eBgdS1yHwRk,0
Y65MsRxYYAs,0
0fgpP3u_sUs,0
7ZXiqlTUHUY,0
lpA54RhgWEA,0
7jxJ-R8w5ro,0
u2B3Dzu5pa0,0
1clWfouQyjg,0
Ijny2633SIE,0
MbLt2Qgl350,0
6dLOzNKfslQ,0
ITVA5ALfEiE,0
Q2nYEWeAR-s,0
1-YccbQ9EVk,0
_7eIJDRGBb0,0
RG8FKXlGdBU,0
5QhXTgpazuI,0
LiQfSv1p_IA,0
oDf4V3nUOUg,0
deKmw1zDkGc,0
BACSjK-EmtY,0
N65_VUOVT6o,0
AaTq83KFeKo,0
LjNtySatBm4,0
Lk6weXL6nbI,0
sVKjoQMZCfU,0
EerTWrLqowA,0
7gIjHFZsoxk,0
sxssAArYRGA,0
pwDvi7BFJGw,0
9UMVPr-4WiM,0
bEj3GUmhci4,0
raY3t5Ukt4k,0
PW-SzhsksvE,0
GN5tigKpQ9M,0
60d5MYBMAns,0
BNBfo24nEE8,0
u3qbwIl1l-Q,0
spFbZHM9pjY,0
ztqWF4z9kAw,0
1h5eCTXfBGg,0
r9gIGBuF6ao,0
7UbRxK4qMRs,0
xlpqeREimKg,0
G_sH1C5MjzQ,0
c1LHWTKqFcI,0
orJVZPz8XXU,0
lqax_kwYL3A,0
8L9s6emx0Rc,0
ZWjmQ-6OcSI,0
AoLy1rgowWg,0
utP8MIjgvvo,0
eq5naPgB3k8,0
bxkMo9ECakI,0
oJMpR_xlxIY,0
wG034hgGvis,0
yEd2D-ukjZs,0
ANmdYZdKiWY,0
pAmg0NYX0GI,0
JEWru_PBRoc,0
rwAHEPfpiOI,0
euPwooYyB-I,0
3lVffzD-UKA,0
RxnIWNbxY70,0
GqT7NVvRDBQ,0
57Tjvv_pCXg,0
LpX2hzik6Rw,0
-nG5Q3kMgq8,0
K27cGZKlxJo,0
-0j4UCWUNr4,0
xBKHJshpMuE,0
93EA4JIEgWI,0
1aJXrwCX20U,0
ZyzFR9bCT_E,0
mCbOMM2ChT8,0
Rv3qVx2fUCU,0
jUYWMOOUY08,0
W86MneOdcW0,0
_qziLUViJtU,0
eDEsSdR6vvo,0
09X24f6LLjc,0
m8rY_gfWOsI,0
hBKOobrNh9Y,0
tvavZJRfxH8,0
LriAU0of3u4,0
pd8EVQgm_DQ,0
LAEe4bj6cLA,0
nQe_rTrxGyA,0
_EbckCohk7s,0
dFDF8bMJ-NA,0
ktiEB7Svutg,0
WIyRRLBsukw,0
HUwhPvQYuW8,0
PiL_FfqyVfk,0
f54M6_5201I,0
AQzJxUAq7Is,0
C6ptrREuJGA,0
ifoZ_rbwR_U,0
Vsb5OhJILf8,0
HSHVaQ1Iu00,0
i92M9lzXQFM,0
qe7bYWZZuzA,0
U2oWxvgeboY,0
gmGaEVWYiJo,0
OmUdajuMIns,0
iXiIx4DKKbs,0
Up6qz8TLGYE,0
Z7wMOFelXjY,0
PIATnHGy5k8,0
lQ3OTq63SDY,0
5H69rSUADF0,0
saDUi6_xQKU,0
gVvtiq_lhKw,0
sR8LEe8pjMs,0
HZswTkpdlfs,0
BN8x5zo3iNs,0
DN7WJIVXX-M,0
gI55UJ7UOVg,0
_TCbKdhYsXM,0
39G4QwnUOzw,0
zCiMy6Dhez0,0
IB4kTLN15y0,0
qbh0s7OCZOE,0
7kJNJCzFeFM,0
OB6ZI5Bicww,0
qrq1QohxWwU,0
IoZPgTi2oE8,0
yBGd3VCdqII,0
NBPPffw84r4,0
eboBBDS-Klw,0
VDScLq5WdkE,0
HcenfOkCEio,0
-9H3gaVgbUs,0
n6wpOWd92kc,0
Fcw5GlQwoXE,0
Lu7PAAopMyY,0
hNmz05kGJgo,0
DuMUDldrG3g,0
pejfwSOez5w,0
V2T25eBfJng,0
CZXJizIr3xE,0
W3v3SPfkTzE,0
j1JbIzOtBj4,0
aspbCJ68zqY,0
PTNTqWto9yA,0
8yVjQqOESzI,0
_exc0-Ah5sU,0
yP6b02-qSlA,0
r4Wtbsz3EkU,0
J8qVaBy42Xg,0
su4ZsUDJWcQ,0
fg_z_80Frfw,0
-hnhEGWxbOY,0
sTilk26cNN8,0
a1HzLIKAQ4A,0
y38fLimjzQI,0
sS6l2zUu3B8,0
GUerNUwHLS0,0
uNMnIRKx0GE,0
Bxha5rmMWT4,0
reMxrzKTyNU,0
yKyWZeiRe8c,0
U_PyyvgFLLI,0
yetM0u9wqck,0
3DEtgItwWt0,0
1uAgJUrgQQ4,0
vfMP52k1Dv4,0
vruPJVIfa2s,0
l-CR-77ElnU,0
FExNHGFlRX4,0
S35v1xtzdbk,0
L8IsRJlOFzU,0
u2tGz8rtZHQ,0
yxTPfKspFl8,0
t0tJhzj29Zc,0
aVZ9A4Ehw_g,0
1qGj_m4V3Ms,0
VvaS80m7L70,0
mwy5YyWse4I,0
EEY6WYtxZFQ,0
QZkHxln2jQw,0
V2ZTJ8oD4TQ,0
M082_esTTsc,0
akI3DOvH2OA,0
odQcHCsW2YA,0
EFnXxL8sJ74,0
MyQ0O5jlyoo,0
9It1YqWEGVk,0
s7a8WB6lvHI,0
e2rexvDHPZs,0
ty0id9qHcq8,0
4-Ds7dKjIRE,0
wpOna_7hIzM,0
GhWy8s2oc3E,0
VZ2VfOOAyow,0
WVuO8d3fgOc,0
K-VeGR63e78,0
yfdRolzdLVE,0
Za6s9zOntCE,0
ew8Sfrvob2Y,0
OUzEUsNepC4,0
55l2Junftxo,0
scJ9fS5S7bo,0
GsvdLIxY6Fg,0
WR8zJeHPIXI,0
0dc-pNv6gwA,0
3Ckbk-P7JxM,0
o_dycSOZtm8,0
pES7sdxFZnY,0
SAnc49e-G08,0
BDnYIjhaSzc,0
D4sv3XN9-Ag,0
CRdHP88An2s,0
UO3iVVkcf9A,0
Jx1MaLRuVPo,0
u3ebepStQyc,0
vlls8lQNgi4,0
2P6KBsONYWo,0
MIvCSukQN9c,0
LK5U4DeBO_o,0
mdGFiek1K70,0
X5fhQd3JGuc,0
nzO5rysgAQs,0
95i8EtUH7q8,0
XtGC_QIIHnc,0
9D3xjKDBsyI,0
z3XPpH2T6yQ,0
NcK1A9uPMQ8,0
rajg9r684ik,0
7jKEYrJTVQI,0
X1nALCk5kMU,0
Iy4We7f42DY,0
QurcyHLpCEQ,0
DYEbtRPKnmw,0
Aj7zSILtOYg,0
XbCNCpybfkE,0
LHShxTVDv7E,0
5WPD-GvKG3w,0
Nev2-f2cfjo,0
oA_9nhU65Ts,0
coaw09xHCyo,0
2xKdxJYSns4,0
orERYdw_JsU,0
WgSPTczwVbQ,0
xi9YRCX1miE,0
hehR6VpW-lk,0
Zg8iZsoi6qQ,0
-mQ5Rj2pyKM,0
SjFIvCue6oE,0
mnZbtlbBPT8,0
wqxtzJKn-V8,0
HXwXQZaIB9g,0
FUvNMHqhBC4,0
jHUsBoVOxzE,0
ci62GfOm-t8,0
zfnPiWbGacg,0
qfG_-m51_7Q,0
qCs96C1QPKI,0
sYLTNvie3sA,0
u1uuvuAe8Xg,0
PvwVSNo-ppI,0
D-R_7gVb6lY,0
UeSwqepnAX0,0
ojnqYC34JOQ,0
vMxNmFZ2ijY,0
ZNzEdcOMSiI,0
WedevnI57u0,0
iUVOBq0MIi4,0
mJAD92rWdZI,0
toSuVK9nsAE,0
OZEDRusC7Cw,0
b3wTyu80eVM,0
medwB35qz_A,0
615xR8TVbn4,0
Gko3qhyrBAw,0
Kr_akDq7CMY,0
T2KxQVMzLUM,0
jO5gV6w8epQ,0
DjLOULyrVZs,0
EbBnSnO_f0s,0
fqYJDueP_8g,0
FbGyUfyR15Y,0
4pRxNcHyxKQ,0
e4zQHNTEqEw,0
lNat70LnRuk,0
t9vCCWuoF0k,0
ZAKIxgzgNJ8,0
edCRJuyXjl0,0
nwy-MpYk9Z4,0
XtmTM3AIdLI,0
rzolEHmXNBE,0
NQGYOMoGEYw,0
CCGsMTzUkWM,0
LO9MLBfOb9c,0
Oblv8bB5ZLQ,0
HMIUSLOR350,0
HCF5ZNTsce4,0
MWsI9V7KmEM,0
kBBMds9cP6Y,0
datrlt_DGLs,0
RkU0mRFQ2AI,0
GHkJpVTe568,0
zX1r4cczTT0,0
7VLIVkZyCgY,0
ANJ3E5-p8Eo,0
NVf_SH9rz_o,0
o_tvpnk5HwY,0
c3PFKqZXmkU,0
E_rFDt6hVfc,0
DMzJ6KkJz_g,0
aVCMiepR6wA,0
Q94LHgvb7vs,0
oX56GvWAGY8,0
IFyq9sXtSRc,0
Kkm-LnhiwGQ,0
t70fklNoFBI,0
Numr-bT7e6w,0
PUaI7KEXA3c,0
dLV5i15nz4Q,0
0Q6NiItmGqo,0
eQpYsueOSPo,0
qy-tfRCoGGc,0
uvHLmv_WdIA,0
ChDzL7bpI3M,0
5yl6jZ0Ac0o,0
owZQq8IU8oA,0
tXGSh8nk2b4,0
Hx6k20LsAJ4,0
znNz2yNBfUo,0
-DkT8NwxAQA,0
NLVxe2Evtkk,0
IqaUt85GOH4,0
-L2Xv5-EmUo,0
J10Fov5VEP8,0
FRHf92JDVSQ,0
wOQ17rU-btk,0
N_j3OPCpRvA,0
E3kvrf4mO4g,0
6mGcNObSah8,0
yTOaO2T2lPA,0
hfHWgzkRtUs,0
JLu1xs35rXM,0
nu23M18PwPE,0
ySXryTlo9Ac,0
XuPVjfETFO8,0
6mqaOPpyIsc,0
VhsLsnnCaMU,0
WfkRmx6EAPY,0
j16qnAZVivg,0
hRrXtb9INng,0
vcTtK_FlGsU,0
Ce07L512gG4,0
_Fh9EiKr9iU,0
idIoNJQGrAg,0
_ygkBblLHTE,0
ft2cMWKc_u8,0
y8JUeP3ODic,0
cTUxGqQBPFM,0
kjSTPQQg194,0
mlDLwLq3q-s,0
bZtoB_Jf5CY,0
IdYI1f-iPns,0
OzQmLfChVe4,0
7_JvIj6Goq4,0
huLP9XM5bok,0
kupU1_uOmHw,0
TUPDn9rrY1o,0
Wjc0FV3AAgM,0
CxT49-YpUNc,0
oHIXPOHr6JI,0
W9ysTOF7S8Q,0
eqEPZaPOaIg,0
DPHYLnhPRqw,0
A8ObXvF_vhg,0
JN5QgkI0RpM,0
w9iUTLxA2_0,0
Ls07Jjbo_O0,0
cKr7-euUE1E,0
YSkN09UjHtk,0
ooUmHvnjmwg,0
DVcxvDjmL3E,0
Xr6nQ4G6Ap4,0
IfnHn2hWWzA,0
WxdzDxf0I0k,0
p6T46TrMB80,0
XjSjgPvaqgw,0
RHEI2gRzfPU,0
31191e2d0kE,0
7X6qA1k3W7Q,0
IV0FxPl098Y,0
t5OplI_vGFU,0
bRPT-bxzQxw,0
WlKQsXvfcds,0
7KSn_S1rMIU,0
E4Qm0wH8p8M,0
LFsPY8NhCSw,0
Bjm9BdhuvRY,0
Zel8mYBDrZg,0
zLS-E7vt1eg,0
WtG5VhDBk9Y,0
Pc5Hutyj2AA,0
zU5ryLeZKMw,0
umfLvZcJV08,0
E9V9AkezyRQ,0
rTrT9V6MJeQ,0
F-CaQbxwMZ0,0
uw9gtldMQfs,0
r0kBjptl8_0,0
QaMpiKZh1fc,0
lTdb0zc6VKY,0
rRdU7VhoWdI,0
B6Pyfe5yrtc,0
BFCQItmLjww,0
LEuxWZ_0zwc,0
t4RjOz8dKro,0
WY1cW0FZxm0,0
VhZH6xAzlY8,0
fNVNPtj1IsM,0
S9Up_xgbZaQ,0
z2G8EmCxjJo,0
dpO20mTsOpQ,0
BrYKiJM8Cx8,0
FnfNcqX5AAA,0
DyJKBHILnx8,0
WAX0VFfGQDo,0
MEvzOm8XUgo,0
K7xhuqw4DgE,0
ijsQkQwNKzs,0
nyHhmEHt5qo,0
uSLzYLdocHY,0
1vBkD8S8kNU,0
j7-mXvXB4uc,0
IX5QmxD9kVE,0
nfoc1wvKUHc,0
RO4Gc_tF6Ck,0
bbS0PRslyJs,0
4EzQRbeLeXk,0
kp-3jPaY7yU,0
5YF9p9ywoF8,0
nymPPGzNouU,0
IcU_E2quVBQ,0
8M_Z-HV9dgA,0
Bn_CTDEucco,0
8EdqpZu9lkM,0
l7ovkjrJFMI,0
_MGNJbLc1wI,0
lu92NvB-xcA,0
zVlcqnrWUT8,0
f0R4T8xaS04,0
2zmWqxEUYiE,0
bRXD2P6UV7M,0
ollymEkLEyk,0
OxTYIlBoE6Y,0
Ui0JUOZBPls,0
jp0Z2IDfvOo,0
4CFnoywFia4,0
f7crV1BXXVg,0
--YnsRamkzc,0
kbmrV7CIa28,0
uNb39wzdP9U,0
mvesWVSlyw0,0
k6ppxsRfZMA,0
u3BWyaejZX8,0
rz7KzrrAbzo,0
KD-UKHZaycQ,0
tKHC0X2EwAs,0
dFa1CV4IzhM,0
R_wr9G1FoQI,0
u8_m_s9NhLk,0
Ue7WGgA_2_Q,0
UAAxRBo4PsQ,0
ZgT57CPrmFI,0
D95K29ZTxpo,0
pnbyue-Jh9k,0
ZyuHpnylj38,0
sxqtYnLxU0E,0
lQkaU6wMgaM,0
N0VWqq5BPlc,0
VezTFmabGWo,0
YTJ2dzQhSrM,0
RgzSqtBoP2Y,0
5Dtrc9sfzek,0
zfDFz8OmgzE,0
USKRwIsBG04,0
KGLwTJ47stQ,0
OmCh25XgF9A,0
OMGDFW6TXIM,0
dc-zed6ffrQ,0
hdLOjt50fbY,0
5BQYIgXtxUM,0
nr_g5ksJoDQ,0
rDE9o0VRWRo,0
5c9VDBG5Epw,0
GU-O3J-KWsE,0
4uNlwM0ZfY8,0
mdGnwTmXmCs,0
zWJVs2acHZg,0
6IBcwokLzbI,0
sj-0ya-ePq0,0
qE-RSAy3nZM,0
MSivWA97EdQ,0
YABApZSuUIA,0
VDUg_ZwswSg,0
GMKfsj1fg5g,0
TKeH0PM48EI,0
8V0L9Sv18TE,0
bGbewSHZWQA,0
UtL5_lw0xtI,0
eXm3ODioS80,0
mxMQEy8sQJI,0
nga4paDJ6c0,0
J_fZGm7NHbE,0
14sLvv_ykmE,0
EU1PzBC1LMY,0
H5oUQBY44YU,0
JI8WYhOdhtA,0
9NliOip-0tY,0
RlRvesjS9rE,0
yS27JEUJXXc,0
A38cOUWdK9k,0
r7-5Ct4eQho,0
ugJucHACZr8,0
nzqQJIk4TYo,0
WFgMAhpGEXw,0
cmYXxJs0uCk,0
QPH3sIULI30,0
P32evYxRvTA,0
xiS0XwgBmmA,0
cV7_MgSds-0,0
JBKPJ5VUbr8,0
uIooSLzxH-8,0
o6Dc8yIZuM0,0
_6w4v3U2RfY,0
yTWc9cdON44,0
drEvNUbqbPs,0
bQ04LrK4epI,0
YbU_oJiqWM8,0
46jHFBgvZJ4,0
W_okXUTN2v4,0
OJkmhEfwrnk,0
RG3E7xK6Oq4,0
9fIpMIsf_o0,0
B184impG_HQ,0
BbtNEZizabs,0
5XM_6i5_wb4,0
h7nbd-Cg-CY,0
Wj94aXYBS4U,0
yTYsVjeoe-Q,0
XQJ2o3Si9mU,0
0je8it7hG3g,0
oiNIJAQWUbY,0
I0G9Uw0QVYM,0
UpoIMD7izUQ,0
HJr7UTqO2Q0,0
WS1mVfnfLK8,0
JIpJwefNiNo,0
U6Zbc8Q3Jgo,0
4uDvhwzNcP8,0
b9tESaZ6hFc,0
paETFHcjTUg,0
L-ZQEUZxtZM,0
V6cbfRfO67s,0
zw2UJpfIBaI,0
osgQqOgJGtw,0
aHhY1flRwVM,0
XtvBFMOwqsU,0
jFSJnr1rktI,0
N1Aioax6rYE,0
bkgPYiJvFqg,0
IQjPWxS59rA,0
rwZLiOQbEPM,0
tjati_HVw5s,0
B42U6Puyx7U,0
iG909JYouxY,0
yWHHr0EFWWw,0
T2Dodo3pAtc,0
9mhJ74tBV0E,0
2IWjwiuBG4A,0
Q7PJ9zTAqQQ,0
M9SIjlZR-cE,0
FPsrNDt81aM,0
UfpcP9JIxqo,0
cYpnHONNf1k,0
FauXaf-aX-M,0
BSKuO06eluM,0
AZegHBU-ffQ,0
jR3hyPi0Dbc,0
PHQ5pGHLOXY,0
F-Fd5YG2pWs,0
6p3xVcQZuCY,0
3e_yNhZMXMU,0
BfetFfARwv4,0
16QuI9jkn7w,0
ivSIL5lVKcQ,0
Z9qBtOaCRzc,0
RJDxHb5bsWc,0
PSzGIQrWq6Y,0
uOLb73_zgVg,0
ScTQqlZL3EQ,0
QWtgR-xIvc8,0
VvCRyCMCJpE,0
nKdHpRBMsG8,0
Yn_4mtMYyXU,0
DmjuddymqGM,0
IunsjMipSYY,0
w33XqeTSNeg,0
m80fpwG_GGA,0
IgSqLCEW58E,0
HjYZe98PoWE,0
NGUVt3g2J7I,0
4ZFpIxySk6w,0
ous6t-Mu-3Q,0
VFBMewMCCxQ,0
GlToEXQO2yc,0
bHZ10YR3npo,0
qEQV9tWfnEU,0
7CDFaYbl7L0,0
-jI1ofec02A,0
YKhwmU1L53w,0
x28E4mYBdwI,0
FJwmTnjDkrI,0
MWuh2ygtk7o,0
vwsM7UihYoY,0
vmOjFuDulwY,0
P8yjUYbfRb8,0
6ygh9uA_blQ,0
p0Mf2bOioec,0
E6WtycT5NQ8,0
vNw9TGSY1EM,0
FgYUNnepnzE,0
GmzkeqZ3AW8,0
kTqcOApCL8M,0
LqBsfpdHXX0,0
G_OUV7T21eY,0
swQI_FNyS6M,0
wFKoYmiTws4,0
J_EXmjacmOc,0
dYLX9FtIzN8,0
lNAjYhyX6FM,0
iWiKSNULvPc,0
VbXaF5EmTFk,0
18NbdIPrMLo,0
CYCHwDRCm2I,0
Xqg8mMorzYM,0
EGFCKb5PfDA,0
Yc6e--9NCOs,0
CDzYqHFilZU,0
orxEQ343cVo,0
So6aG1iLdjg,0
a58B7bUVD_M,0
cNoSHuF5mac,0
PqgUthlbpuE,0
yGrlhEmZZVc,0
eR0cWuLWhzo,0
9Ibaafl2_-I,0
DHdySyDRnhA,0
Jr9jPD4nUBI,0
e7p-ucdI5_I,0
X-VSXW3qthQ,0
Wp20Qxx2lOc,0
-80PEYVeI4E,0
k2Rhhj4QnIk,0
BrT6sEYrXew,0
vekiCfWRstU,0
Ex34yYjQKdw,0
HtZpjuo2BBo,0
O6eVz0wNoi0,0
DYjFU8zATdc,0
k9X1u7H_JcU,0
71iEgW0ABhY,0
CTgwX9ZbsCs,0
ihEG6ut9bWU,0
53LfL3gPGSc,0
_OccjaZSDHI,0
Mpq6KIPi2NA,0
DbKWD0CYuX0,0
OxeoGczp0Qg,0
cY27XD0ZRho,0
KWObzAl8uX4,0
Trb2KK-Ui7c,0
Gc0Jpf_25a4,0
YCUmI9f77qs,0
3RJ46MSQS1k,0
TXWQ_pl76Y0,0
V4RJ0eOZiXE,0
cKmbySC3V6U,0
zEHPgX9w9R4,0
U78NIj16Ou0,0
voklugoW7e0,0
cndwH6byJnk,0
ZuiTDmMu01c,0
VBFkzgB-9zQ,0
EC9-QwUEaoc,0
qoxjzGypOAA,0
apXInrB6Bh8,0
xmGcoPn08jg,0
P0C3V8Acjcw,0
6urd4Zke2os,0
2HU9fnoqGtY,0
XiSU9xDyJc0,0
1Qy-Gs9hMq0,0
MYJHHxjlwOQ,0
2dbrndTCzng,0
xjVzCXICeuA,0
z3L1wXvMN0Q,0
A96ENM-zcnE,0
645qisC4slI,0
uqOiWhlOny4,0
avUPRabkegM,0
42RML92tDyQ,0
Q8Jp4U2BBnI,0
CCJZO4I2SS8,0
1WP-MMO45NY,0
3SA8qhEpSTg,0
qvTJQU4nyqU,0
BwkYStaZc_M,0
AMzn7ZGCqgY,0
bS3S9siJqdc,0
tCGtdhEqO8A,0
FjMD4H96TN4,0
2akyCFh6DOg,0
bPLvfWRBi70,0
0a4UlkvlJgs,0
y39aOgNMgik,0
fu0ADsiXem8,0
ylHizJmmJM4,0
htvR_dBs3eg,0
9_qPevj08xM,0
pccO0anCKZY,0
cJ5TedT9ZNA,0
KOLkwwzrn7w,0
U8DL0wDfxAw,0
NrAlED63uXQ,0
1nlE5RDwFeA,0
3qjNDxkAv4w,0
x6Lis-8oaCU,0
dSDbbWaXI9U,0
_ccX1kbdU4U,0
EMTBCKD2Uy4,0
nwJ88RCBcfE,0
Bf6ivvOanxI,0
qP2hHvB4d_Y,0
NDq4wuxZdh0,0
IMRNfB8l_tU,0
9pVPVR_oYuM,0
BaIc7rttYEc,0
q1go3WwvCvY,0
BSgPn1ijW7k,0
y-hL789xc8Q,0
IGVvYilN48I,0
E4csHqVYJXo,0
WjH-L0Pke7Q,0
BFWxkPF6n0o,0
BqH_kA0BN98,0
otyLHbEfRDQ,0
Jo4S2qlQGs0,0
n5Pehmoo-SE,0
x217SO9VPwE,0
h3L42McXVnE,0
5XfIPy6iJsw,0
YUJdtb1j1jM,0
fSB9Wy0-Ps4,0
Vcf46f6BC-c,0
34oyVszwnJk,0
khuhS6vAny4,0
pFCy16vPT7c,0
9Dn926lHlKE,0
FK0W-k8K2ew,0
vdIL2Slt9yM,0
NjbWyn-h-Oc,0
f-b5PravLXk,0
5WlRFlH5oRI,0
CJDcbwpsjU0,0
Pv0_ue4PWpk,0
57r3E3XRNRk,0
oqWkfcdYvvs,0
yJywipy8DXw,0
4yp-id2UnS4,0
Vns-81egipQ,0
5QPBbc5PmAQ,0
vQAKOLE_JR4,0
lZp0ZTzHCuQ,0
WJxPwlyW6kU,0
KK8243vkLQ8,0
tJqnPRuIdmQ,0
qUFXgTdYBwk,0
CB-HKdkM7hg,0
LIMy-Bp353E,0
bwmawu1TD9M,0
si-WIvjw1e8,0
wgU7-FzF5Xw,0
GjA4fWIUv-A,0
8TY2SJEq3SI,0
SmDls15895I,0
zIIuA6__2RQ,0
nsO2-Pwoa5s,0
PxeVDCXOoos,0
28ikdznA3lc,0
EMYmf-RZql0,0
-l_acNr2uMo,0
Ca1tyVTGf3w,0
J17fzL6a-lw,0
I8ZvRBl6zfA,0
h2XMQrZ6Ywk,0
iSK2hb2z0us,0
8qqWsWdvjIw,0
cZcluS9YyOI,0
XQbBEdzZbaU,0
cvq7DPhsBi4,0
iFE1bkuBotk,0
Od7fLNhEecM,0
3mw44LC6w08,0
UUGId_y9bAs,0
GwUNT2k26mQ,0
LNB3Cy4djB4,0
ZTIJvNmsQgo,0
KJUXbD0MlHU,0
__PxaWntvhg,0
9F0z05m0oM0,0
AWDWTyC0jls,0
V3TEU7FBXC4,0
tAXqMlMoyg8,0
xTnE5MpqHvI,0
ujPHUKQ4C7Q,0
IKaiYcfoMsI,0
Zfyojbr-cEQ,0
0o18WjNo6tA,0
Ki_jLJWcCYI,0
ZJcfSk9f3YE,0
t1izUgTyMs8,0
pLjeA3MdYHA,0
uNTIp7Tlc6w,0
ivXWRxoLpfE,0
h_7zG3XQTSo,0
Uooqk3B0kC4,0
kP0V93rTCaw,0
fS-cFt887Po,0
zS4mavnAaiQ,0
x9e_8zRuuO8,0
dXla6EZApEI,0
P0RZxerD8m4,0
7rw9WkF4lPY,0
N7LyYAx3bpU,0
3mE4p3Ctlek,0
eF0CZ1ldn0Q,0
7HGvtP1so68,0
fkZLt-L68l4,0
RkumjdJ-Eew,0
mFXDzNcsUcg,0
YMoJ4jsLqiQ,0
roXy5LA17fU,0
WOCe4jXeDcY,0
-obIKHZvohA,0
0zMQS8YxYNA,0
Htt3TnkMwPY,0
Adbj6nehBP8,0
dHOHrx-p9sc,0
oc5cWsoV3ho,0
6KelOf9JfaY,0
ti-uAwBKP90,0
KDtKSvMWROA,0
yegJB-LEtrg,0
tSkKa5OQWfM,0
6GDPN4Hs_44,0
eEDfCQ0cF-8,0
ImsHI_Z6T2I,0
MsWVJk0vwBc,0
05JqiVVSJSk,0
Z3Yirj5sooU,0
HLMuUZhHZqE,0
T8awRqOAZMc,0
H9lPxESTEJA,0
GLyTw0trKM0,0
_Ca1LFIih3k,0
Y_ypI1026i4,0
8M42PpvvHSY,0
aNEPvtcuFj0,0
pzorv3VkwZE,0
dbP8F2bnfIc,0
SgjDaPWjzuU,0
Q3W2rJhXMEc,0
du-Szi7pGRE,0
nWwxvvb9uqY,0
J6xkvLGQbAU,0
9NSOGd2p530,0
4CzhI0LMRtg,0
mU5d-KfXDNg,0
asIkx9NJs7o,0
I3tRZOln8KY,0
_U9yVOT8VC8,0
lCIveUzyIyI,0
y2N5DL3e68Y,0
PyLi_BCFYsI,0
WnoLpkdUDng,0
CV1Ybh8v21k,0
_7Rfp95Jcw8,0
5x77EWbpJnc,0
CPnXRgwPNPE,0
EIF4XGDYLI8,0
yC62_qaVX8E,0
KonQ_39B0uU,0
EZc4QCJmKdQ,0
UHn-uNjJAoY,0
jNBYi07Q7GQ,0
ikquXWiyaj8,0
Wc1nLKO2daI,0
s3VzTy9oXXM,0
MQDRPhGU9_k,0
-jvtyvMWE88,0
jVCFinUjUrU,0
LDMNhCOs0G0,0
MBkph9YoG8w,0
-JypvZFqPuM,0
cPIJXJZH1zk,0
Ea0v0OTdd2I,0
-2BfsmZSyD8,0
4x0g-Evv_PQ,0
WX1qWv05ILU,0
KwTAPEe6A1A,0
dZNbP2WerLA,0
CajnKHFPAdk,0
gRsUzx4N8VI,0
IfasBW89k1Q,0
vDzb4npeozE,0
QTR2Gxt4Hmc,0
KGi4Cpbh_Y0,0
Blz9I0q2Hq8,0
UFvtS9JDllU,0
oefX916-gYw,0
QeIRfgsVX5k,0
Jhxy8MV9S70,0
KXUyCz1rYM0,0
-oZIQdDQfro,0
Y7seq3mi-hY,0
i2uzq3A9YbU,0
DsI6j_egLdo,0
jV-Ziiole98,0
O5WQNBn9q8g,0
RNOWaELu2TM,0
hyJN7A4B8F0,0
zxs4h0ABJMI,0
M7CGOFQBMGE,0
oVZK8MBWMs8,0
gWUdEgaTdo8,0
AYfYvYdlxmc,0
4X8MvSNS1j4,0
BEDSulIgCQc,0
f-tvyp7jpE0,0
JTTltOaQbO0,0
XGTBxV-RLwI,0
NOvcBmZCRJ8,0
RqovSxr8m5Y,0
rTb8Kcs89mk,0
tCcwnP9IPs4,0
TxBRICiy0KU,0
RPAc3PNChQg,0
6WVTW2qTqrI,0
JvQDSJk2QNE,0
0qBYu6hidxU,0
0vFTfoOavRM,0
5E205mcp6g8,0
BrAgo1Qh4uk,0
gE778rR6-EM,0
iPquW4HcwV0,0
fpnn6UuKUZU,0
on1vkPNRFwg,0
NyOaf1479D4,0
CYldmrlhCZA,0
W45ddJvxOUY,0
ev49SUoNyrQ,0
e2g9_YXxfY0,0
-0rkRvKZAcM,0
0BFLDVGvTrQ,0
Lml7J8uSfIo,0
LUKTMDyfoRU,0
o3aI489UkdI,0
nuxmYZM4wOA,0
eGYRq0ywrq8,0
Emyn3FF_V18,0
D5vrzzxGxwc,0
fyGK13tSjsc,0
6ez_UWgmoh0,0
9kION3co4ns,0
MaD8AyoDcRc,0
-pbadnjeRhY,0
VCGwCQDMEi8,0
btaQdzwfvDM,0
t8OB9Da7gsw,0
OAbaZQPj97o,0
drLldJfKOGs,0
JeIw4S0_mKU,0
fA0nxixnS-A,0
pB85HT19h4w,0
ViAn7COdDqo,0
yxPYzOB8rew,0
bus8_zwTQD8,0
ru9qiOXq4ec,0
Hlx4ONMtRFY,0
H7Jh2STd06A,0
EuokTnCkrKg,0
iwTOEASFyfk,0
2aX-AqRgjIo,0
yO9XxNq2njQ,0
yxpMwGDITfU,0
3TKlogHjZso,0
oiwMteYuWp8,0
iUnCdrJFfy0,0
tTt7YDzH054,0
cX9qqFGrDX4,0
FGaO0divFf0,0
x6Bi-SbHQsY,0
320eVDw8UGM,0
B5OHCV2rVX4,0
HMu-Md27VDc,0
JGeLYl3kkmg,0
xvn1eG99Mfs,0
Pc40i-8kHlM,0
1ntJS8q74k4,0
iqD6M8V0A5U,0
AuEKWOh8_HE,0
3OzfNaYcoVo,0
BjLa2rN4AzA,0
2lokqffmF2A,0
9QmHTioUUaE,0
A38GRCfbJkw,0
-8dRQca4hE4,0
KoTfcR2QKGs,0
exQ6iwxmsIo,0
jGfK-R4rKxY,0
K-o3nS4o1Eg,0
q6T1zppObmA,0
qwhoHT727TA,0
1WnqvDivfDg,0
nzBorXsYJlc,0
iirPux8sPGA,0
1_d3YFEGeCQ,0
bSLHjrxd8GI,0
z_4PLzU3RiE,0
44kLX63GpT0,0
VEm5LU1YfeA,0
313T1dQJ8fk,0
One2rMI8chY,0
cmfv7f-0Mbk,0
vhhhIykGjRU,0
dge1w2xQ-8A,0
wXYj6ExDLaY,0
kXicp53b6PA,0
hCy3_Fosq2g,0
7YhWLqIenz4,0
SNmZfHDOHQw,0
NOnVXp-n-pQ,0
VvKeBjz1NYI,0
5NptvA4PyEI,0
qckTUjyzNPg,0
BVAuofrPpfU,0
NRYIEL8sSdE,0
mP7tl9-luZE,0
jG_1LDtuSJY,0
alFbsK3P12Q,0
Rhxuyujfep8,0
-5qQvKlPYjo,0
XGboPnsVrU0,0
EJ_x_y2eOWs,0
jVQJa_aVypc,0
Ghbw0DOaNHY,0
A3yRUFSyWBw,0
hwEA9vhpQDA,0
GFazQdsIxDw,0
pWripUQP7v8,0
WIX13DiXBe8,0
00wiwO6nzRk,0
zebg8WhUU3Y,0
JboovPNjOXs,0
zHTFhBvSNaI,0
mK54P7VeM1g,0
dDTJm5FCMWk,0
XmSktY7RhAE,0
Yx9J4diol8s,0
0evHtpLFM9k,0
aHVTlcNdIFc,0
ZSynDfVy0ms,0
LP-Vdm27vS4,0
oxiaceqXWbA,0
aRSdeuF9qiE,0
Uu1_BYX8ars,0
W_wb5Tk9fRs,0
b61CZuGy74E,0
-F1V2oPhlso,0
aVDeTMPuyDM,0
1J2Fi3fiN7s,0
f9GlJ-YkqJ4,0
4dsfcdje6rA,0
hUNsDB_FMsY,0
K0OKHJ3K8qs,0
HMTBo9huzi0,0
lvnSmbU4nWY,0
7K38cdHSdMY,0
Wn3qNbJgRJU,0
RE9pUpdFmeE,0
4lsuigFrAjY,0
qVG21PSiNKA,0
mubiVMY-EpM,0
Vbh7hucALuk,0
CTTmj5V5h_M,0
3VBYw7cPNgI,0
Fm8qgVeig3g,0
Lfw6vPZAUtc,0
Und3xhfJUsU,0
7mDFyxgWRcg,0
Q7UfcEtU8AM,0
xYaICH9pVX4,0
SXDRPJLqh8Y,0
tva9Kl62-Ck,0
z5BqausZu0E,0
LbhRrs9mQcw,0
7s3SQc9QEIM,0
vB_y--drYjM,0
GlSqTuuvfdg,0
ka1Ko6n9FW0,0
K-J6VwasuOg,0
Y5Dy3MxEyTY,0
tN1PUSSybYA,0
afa0WF6Ln44,0
JLfSAHlNrBI,0
MjP40h_BFfk,0
sxISrm03SHk,0
1EuXsp4iqZw,0
pdndmLXJT9w,0
wvLrxrY8Y40,0
Y7cCytQCaAM,0
kG_nR0Pcywg,0
IJnUpM5wrIQ,0
OB31JSo1MPU,0
fBbAZdlaWSU,0
jjORabLD8Y0,0
-f4DyUGCg0w,0
B8b-IAwaudA,0
9J9VqG7mBxE,0
2JVBUPfxD44,0
qjKuzGK04GY,0
M0EU9vXGHgk,0
fUYvPM4dYBo,0
qwRR5uCTvas,0
tmgAH3ytu0Y,0
mHicFE6i0nE,0
YxqQ9e8MYgE,0
oM9eEHyr2xI,0
0pq71XoRcgw,0
YBDMukNKBKg,0
nuRLRQl0tZ8,0
rBfnUffVx-8,0
EOJLDZMDS1A,0
t7-aROT2eqo,0
73Kl42LqEqM,0
dfzAuvtWVYk,0
n6xdDoeRlI4,0
nLdt3x9SGsg,0
CfthjMEdEm8,0
Pj9pEejYtFc,0
Agg3HH0x_eA,0
JxVBmNpYtYM,0
TBgmf37MGtg,0
afMOGoaN47o,0
z1ahI9rAFgU,0
IAHgAEpNF5I,0
87H2nRX0Ya8,0
sOBY0PcjusQ,0
z6y4M7HVRXg,0
yuMJBV-efV8,0
3ahSsfnXHyk,0
2RokOnZwjWc,0
mbF6V2ouS28,0
qjy2K0mTmb4,0
jQfCJVAwFL8,0
GqV5df08bTs,0
L8adbT0u1rA,0
fWxQJiyLK1k,0
Od3bBCq5mkY,0
fkZ_8Zvy9Y0,0
QvnsZyoxXjY,0
_C0gp-HN7NY,0
PVvWk4Vko6Q,0
6LFIvvx23_o,0
1bkP7n6RhSk,0
GHz3Sw-jSFw,0
68yux0jIEn4,0
5mBj9dN-8Po,0
MVPd7rfZlow,0
_-DrFVGXHyA,0
FxdeOb1U2HA,0
w-YFcyWbsvM,0
KdbAYLHLUZ8,0
Cy67iqBfdws,0
VUND2yZH6UQ,0
qDAxDcjgn-8,0
h2ZduLS_pH0,0
oZsH0U3tZbA,0
HMdF_4Pw8C0,0
dCdMYNbK8Vs,0
fSfLoZ-L2gQ,0
8vmm8x_Cq4s,0
QE5vDJx6Hgg,0
0ZA29cQNoQc,0
SeOLXwvu87E,0
RXEfX-diMwc,0
9M385Ep9LLM,0
p-e2aix24dc,0
LkUQX0Gqo6Q,0
i_i__q2RI7Q,0
5PSH6cV4N-I,0
gedRaMs5I90,0
z605Rm7lFTM,0
qrfnaR4adiI,0
bvq9_gEwE9A,0
